{
  "ga_params": {
    "pop_size": 40,
    "generations": 220,
    "mutation_rate": 0.00522839446479576,
    "crossover_rate": 0.7482180301114278,
    "tournament_size": 5,
    "target_shelter_ratio": 0.01029621705066389,
    "elitism_count": 3,
    "adaptive_mutation": false
  },
  "ga_report": {
    "n_shelters": 2850,
    "covered_pop": 792869094,
    "total_pop": 795455400,
    "coverage_pct": 99.67,
    "infra_score": 0.8178,
    "cost_ratio": 0.092081,
    "fitness": 0.85208
  },
  "ga_time_sec": 77.3,
  "greedy_report": {
    "n_shelters": 2850,
    "covered_pop": 795455400,
    "total_pop": 795455400,
    "coverage_pct": 100.0,
    "infra_score": 0.919,
    "cost_ratio": 0.092081,
    "fitness": 0.874595
  },
  "greedy_time_sec": 26.5
}