{
  "ga_params": {
    "pop_size": 40,
    "generations": 220,
    "mutation_rate": 0.00522839446479576,
    "crossover_rate": 0.7482180301114278,
    "tournament_size": 5,
    "target_shelter_ratio": 0.01029621705066389,
    "elitism_count": 3,
    "adaptive_mutation": false
  },
  "ga_report": {
    "n_shelters": 319,
    "covered_pop": 777105651,
    "total_pop": 795455400,
    "coverage_pct": 97.69,
    "infra_score": 0.8528,
    "cost_ratio": 0.010307,
    "fitness": 0.853378
  },
  "ga_time_sec": 83.4,
  "greedy_report": {
    "n_shelters": 319,
    "covered_pop": 780167478,
    "total_pop": 795455400,
    "coverage_pct": 98.08,
    "infra_score": 0.817,
    "cost_ratio": 0.010307,
    "fitness": 0.848908
  },
  "greedy_time_sec": 2.9
}